playlist_genre,loudness,mode,speechiness,acousticness,instrumentalness,liveness,valence,tempo,duration_ms
edm,-5.488183505154638,0.5463917525773195,0.08088144329896907,0.09332334536082475,0.17158914129896907,0.1880078350515464,0.40813587628865977,123.91147216494845,3.7629178350515464
latin,-6.054217721518988,0.589873417721519,0.09626582278481012,0.17992871974683544,0.05190392382278481,0.17806354430379745,0.5673425316455696,117.82502531645571,3.5283496624472575
pop,-6.0972301587301585,0.5357142857142857,0.07663412698412699,0.18925071833333335,0.04995899738095238,0.17098551587301586,0.4920117063492064,118.33397023809523,3.587487466931217
r&b,-7.674685344827586,0.521551724137931,0.14475387931034484,0.30578522629310345,0.036085273297413796,0.16823340517241378,0.441276724137931,115.15019827586208,3.7233838721264365
rap,-6.70065367965368,0.5238095238095238,0.2189103896103896,0.20442996536796537,0.05250573311688312,0.1846255411255411,0.42472034632034633,123.85130952380952,3.442068434343434
rock,-7.042249999999999,0.5775862068965517,0.06494655172413794,0.17418050905172414,0.1178931525862069,0.2013155172413793,0.42519396551724137,129.68099137931034,4.213990086206897
